<?xml version="1.0" encoding="utf-8"?>
<Defs>
	<WorldObjectDef>
		<defName>Colony</defName>
		<label>colony</label>
		<description>A base from one of your colonies.</description>
		<worldObjectClass>PersistentWorlds.World.Colony</worldObjectClass>
		<expandingIcon>true</expandingIcon>
		<expandingIconPriority>10</expandingIconPriority>
		<canBePlayerHome>true</canBePlayerHome>
		<comps>
		<!--
		  <li Class="WorldObjectCompProperties_Abandon" />
		  <li Class="WorldObjectCompProperties_TradeRequest" />
		  <li Class="WorldObjectCompProperties_FormCaravan" />
		  <li Class="WorldObjectCompProperties_TimedForcedExit" />
		  <li Class="WorldObjectCompProperties_EnterCooldown" />
		-->
		</comps>
	</WorldObjectDef>
</Defs>